"name","image_path","category"
"Wide Fit Leather Buckle Flat Ankle Boots","images/shoes_Wide_Fit_Leather_Buckle_Flat_Ankle_Boots_185751_gyycs_1.jpg","shoes"
"Leather Chelsea Round Toe Ankle Boots","images/shoes_Leather_Chelsea_Round_Toe_Ankle_Boots_185752_jkxyq_2.jpg","shoes"
"Sparkle Kitten Heel Pointed Ankle Boots","images/shoes_Sparkle_Kitten_Heel_Pointed_Ankle_Boots_185752_bsumm_3.jpg","shoes"
"Leather Lace Up Side Detail Trainers","images/shoes_Leather_Lace_Up_Side_Detail_Trainers_185752_ibshh_4.jpg","shoes"
"Leather Lace Up Flatform Boots","images/shoes_Leather_Lace_Up_Flatform_Boots_185752_imfxt_5.jpg","shoes"
"Suede Flatform Boots","images/shoes_Suede_Flatform_Boots_185752_pjfyu_6.jpg","shoes"
"Suede Kitten Heel Ankle Boots","images/shoes_Suede_Kitten_Heel_Ankle_Boots_185752_phrlx_7.jpg","shoes"
"Leather Block Heel Shoe Boots","images/shoes_Leather_Block_Heel_Shoe_Boots_185752_spabe_8.jpg","shoes"
"Sparkle Stiletto Heel Pointed Court Shoes","images/shoes_Sparkle_Stiletto_Heel_Pointed_Court_Shoes_185752_ltbiq_9.jpg","shoes"
"Wide Fit Leather Chelsea Ankle Boots","images/shoes_Wide_Fit_Leather_Chelsea_Ankle_Boots_185752_rzzgr_10.jpg","shoes"
"Pure Supima® Cotton Crew Neck T-shirt","images/short_Pure_Supima__Cotton_Crew_Neck_T_shirt_185755_pjezz_1.jpg","short"
"Pure Cotton Embellished Regular Fit T-Shirt","images/short_Pure_Cotton_Embellished_Regular_Fit_T_Shirt_185755_foghg_2.jpg","short"
"Pure Supima® Cotton Crew Neck T-shirt","images/short_Pure_Supima__Cotton_Crew_Neck_T_shirt_185755_rxulq_3.jpg","short"
"Pure Supima® Cotton Crew Neck T-shirt","images/short_Pure_Supima__Cotton_Crew_Neck_T_shirt_185755_ptcrv_4.jpg","short"
"Pure Supima® Cotton Crew Neck T-shirt","images/short_Pure_Supima__Cotton_Crew_Neck_T_shirt_185755_ererc_5.jpg","short"
"Pure Supima® Cotton Crew Neck T-shirt","images/short_Pure_Supima__Cotton_Crew_Neck_T_shirt_185756_lybki_6.jpg","short"
"Pure Cotton Wicked™ T-Shirt (6-16 Yrs)","images/short_Pure_Cotton_Wicked__T_Shirt__6_16_Yrs__185756_mlejl_7.jpg","short"
"Pure Cotton Striped Everyday Fit T-Shirt","images/short_Pure_Cotton_Striped_Everyday_Fit_T_Shirt_185756_xdwyl_8.jpg","short"
"Pure Cotton Long Sleeve T-Shirt","images/short_Pure_Cotton_Long_Sleeve_T_Shirt_185756_vhffn_9.jpg","short"
"Pure Cotton Long Sleeve T-Shirt","images/short_Pure_Cotton_Long_Sleeve_T_Shirt_185756_gxkcu_10.jpg","short"
"Sequin Top","images/long_Sequin_Top_185757_fkufd_1.jpg","long"
"Sequin Top","images/long_Sequin_Top_185757_nwaqy_2.jpg","long"
"Pure Cotton T-Shirt","images/long_Pure_Cotton_T_Shirt_185757_nqeea_3.jpg","long"
"Pure Cotton T-Shirt","images/long_Pure_Cotton_T_Shirt_185757_bsqut_4.jpg","long"
"Pure Cotton Striped Slash Neck Slim Fit Top","images/long_Pure_Cotton_Striped_Slash_Neck_Slim_Fit_Top_185758_roxcy_5.jpg","long"
"Pure Cotton Striped Slash Neck Slim Fit Top","images/long_Pure_Cotton_Striped_Slash_Neck_Slim_Fit_Top_185758_ziene_6.jpg","long"
"Pure Cotton T-Shirt","images/long_Pure_Cotton_T_Shirt_185758_bshvz_7.jpg","long"
"Pure Cotton Striped Crew Neck T-Shirt","images/long_Pure_Cotton_Striped_Crew_Neck_T_Shirt_185758_gofcw_8.jpg","long"
"Pure Cotton T-Shirt","images/long_Pure_Cotton_T_Shirt_185758_gsrlf_9.jpg","long"
"Cotton Rich Ribbed V-Neck Top","images/long_Cotton_Rich_Ribbed_V_Neck_Top_185758_nkyto_10.jpg","long"
"Feather & Down Quilted Hooded Puffer Jacket","images/jacket_Feather___Down_Quilted_Hooded_Puffer_Jacket_185801_gxqqk_1.jpg","jacket"
"Stormwear™ Faux-Fur Hooded Parka Coat","images/jacket_Stormwear__Faux_Fur_Hooded_Parka_Coat_185801_oyagj_2.jpg","jacket"
"Stormwear™ Waxed Faux Fur Lined Hooded Parka","images/jacket_Stormwear__Waxed_Faux_Fur_Lined_Hooded_Parka_185801_oejdx_3.jpg","jacket"
"Stormwear™ Waxed Faux Fur Lined Hooded Parka","images/jacket_Stormwear__Waxed_Faux_Fur_Lined_Hooded_Parka_185801_gcxxy_4.jpg","jacket"
"Collared Short Tailored Jacket","images/jacket_Collared_Short_Tailored_Jacket_185801_snina_5.jpg","jacket"
"Faux Leather Longline Aviator Jacket","images/jacket_Faux_Leather_Longline_Aviator_Jacket_185801_velce_6.jpg","jacket"
"Thermowarmth™ Hooded Puffer Jacket","images/jacket_Thermowarmth__Hooded_Puffer_Jacket_185801_udmwq_7.jpg","jacket"
"Thermowarmth™ Hooded Puffer Jacket","images/jacket_Thermowarmth__Hooded_Puffer_Jacket_185801_pijpp_8.jpg","jacket"
"Borg Lightweight Funnel Neck Jacket","images/jacket_Borg_Lightweight_Funnel_Neck_Jacket_185801_stoqm_9.jpg","jacket"
"Faux Shearling Borg Lined Aviator Jacket","images/jacket_Faux_Shearling_Borg_Lined_Aviator_Jacket_185802_uzeap_10.jpg","jacket"
"Rubber Handle Umbrella with Windtech™","images/accessories_umb_Rubber_Handle_Umbrella_with_Windtech__185802_poocn_1.jpg","accessories_umb"
"Crook Handle Umbrella with Windtech™","images/accessories_umb_Crook_Handle_Umbrella_with_Windtech__185802_vujbr_2.jpg","accessories_umb"
"Polka Dot Compact Umbrella","images/accessories_umb_Polka_Dot_Compact_Umbrella_185802_jhjae_3.jpg","accessories_umb"
"Large Umbrella with Windtech™","images/accessories_umb_Large_Umbrella_with_Windtech__185803_udbhv_4.jpg","accessories_umb"
"Sheen Compact Umbrella","images/accessories_umb_Sheen_Compact_Umbrella_185803_cpggw_5.jpg","accessories_umb"
"Umbrella with Windtech™","images/accessories_umb_Umbrella_with_Windtech__185803_asggr_6.jpg","accessories_umb"
"Umbrella with Windtech™","images/accessories_umb_Umbrella_with_Windtech__185803_jnhin_7.jpg","accessories_umb"
"Polka Dot Stormwear™ Compact Umbrella","images/accessories_umb_Polka_Dot_Stormwear__Compact_Umbrella_185803_porym_8.jpg","accessories_umb"
"Stormwear™ Compact Umbrella","images/accessories_umb_Stormwear__Compact_Umbrella_185803_nqoua_9.jpg","accessories_umb"
"Geometric Compact Umbrella","images/accessories_umb_Geometric_Compact_Umbrella_185804_kxybg_10.jpg","accessories_umb"
"Round Preppy Sunglasses","images/accessories_glass_Round_Preppy_Sunglasses_185804_wluzh_1.jpg","accessories_glass"
"Metal Aviator Sunglasses","images/accessories_glass_Metal_Aviator_Sunglasses_185804_sagux_2.jpg","accessories_glass"
"Biofuse 2.0 Women's Goggles","images/accessories_glass_Biofuse_2_0_Women_s_Goggles_185805_gndoi_3.jpg","accessories_glass"
"Biofuse 2.0 Women's Goggles","images/accessories_glass_Biofuse_2_0_Women_s_Goggles_185805_mdaxq_4.jpg","accessories_glass"
"Round Sunglasses","images/accessories_glass_Round_Sunglasses_185805_hfave_5.jpg","accessories_glass"
"D-Frame Sunglasses","images/accessories_glass_D_Frame_Sunglasses_185805_uzoxe_6.jpg","accessories_glass"
"Round Sunglasses","images/accessories_glass_Round_Sunglasses_185805_ekpzq_7.jpg","accessories_glass"
"Square Sunglasses","images/accessories_glass_Square_Sunglasses_185805_okoya_8.jpg","accessories_glass"
"D-Frame Sunglasses","images/accessories_glass_D_Frame_Sunglasses_185805_fuogt_9.jpg","accessories_glass"
"D-Frame Sunglasses","images/accessories_glass_D_Frame_Sunglasses_185806_cogbe_10.jpg","accessories_glass"
"Quilted Bowler Bag","images/accessories_bag_Quilted_Bowler_Bag_185806_khshe_1.jpg","accessories_bag"
"Nylon Quilted Shoulder Bag","images/accessories_bag_Nylon_Quilted_Shoulder_Bag_185806_xovlw_2.jpg","accessories_bag"
"Nylon Quilted Shoulder Bag","images/accessories_bag_Nylon_Quilted_Shoulder_Bag_185806_tdsyy_3.jpg","accessories_bag"
"Quilted Shoulder Bag","images/accessories_bag_Quilted_Shoulder_Bag_185806_oouyc_4.jpg","accessories_bag"
"Percy Pig™ Christmas Tote Bag","images/accessories_bag_Percy_Pig__Christmas_Tote_Bag_185806_drxwc_5.jpg","accessories_bag"
"Spencer Bear™ Tote Bag","images/accessories_bag_Spencer_Bear__Tote_Bag_185807_jdipk_6.jpg","accessories_bag"
"Faux Leather Sling Cross Body Bag","images/accessories_bag_Faux_Leather_Sling_Cross_Body_Bag_185807_wirli_7.jpg","accessories_bag"
"Leather Sling Bag","images/accessories_bag_Leather_Sling_Bag_185807_qaxub_8.jpg","accessories_bag"
"Sequin Top Handle Grab Bag","images/accessories_bag_Sequin_Top_Handle_Grab_Bag_185807_mycxg_9.jpg","accessories_bag"
"Quilted Cross Body Bag","images/accessories_bag_Quilted_Cross_Body_Bag_185807_upbis_10.jpg","accessories_bag"
